n,Insertion sort,Merge sort,Hybrid merge sort,Selection sort,Bubble sort
100,0,0,0.01625238,0,0
1000,0.078117132,0,0.093743324,0.046871424,0.093743801
5000,1.437420368,0.015623808,2.890424252,1.234289885,2.827927589
10000,6.030830383,0.062479973,12.31164026,4.796561003,11.85855198
20000,23.29525495,0.140615225,69.0746417,21.79440546,48.90284753
30000,34.8966,0.021063,96.7036,32.32111,71.006932
40000,46.5171678,0.02802,124.65094,42.082722,92.48652
50000,57.35558,0.04046,148.9807,50.5021,108.8975
